region,salaire_moyen
Provence-Alpes-Côte d'Azur,34285.886010362694
Grand Est,34047.1412037037
Occitanie,33961.04914004914
Bretagne,33918.63970588235
Bourgogne-Franche-Comté,33886.955145118736
DOM-TOM,33838.57435897436
Hauts-de-France,33776.63287671233
Nouvelle-Aquitaine,33762.0
Île-de-France,33679.24197530864
Corse,33674.65664160401
