sexe,salaire_moyen
Femme,30518.770878721858
Homme,37048.39730517116
