tranche_age,sexe,salaire_moyen
55-65,Homme,36900.830917874395
35-44,Homme,37073.296202531645
25-34,Homme,37107.40140845071
45-54,Homme,37680.2775
65+,Homme,36751.98150431566
18-24,Femme,30553.467153284673
35-44,Femme,30761.45873786408
55-65,Femme,30496.235714285714
25-34,Femme,30500.13022113022
45-54,Femme,30283.125290023203
65+,Femme,30530.03086419753
18-24,Homme,37094.27333333333
